INSERT INTO Users(email, password, nickname, role)
VALUES ('admin@tickets.com', '$2a$10$EhS8M/lo59tXKgbJwXeCTOM/d9vQ8Nu2Fj6xLCngGT6.W/7ZyRqj.', 'admin', 'ADMIN');

INSERT INTO Carriers(id, name, phone)
VALUES ('a8e0de78-3507-4d12-9609-b63cc32d3ef3', 'Singapore Airlines', '+6591848888'),
       ('f5b79da0-8619-451d-9a78-9112e8477aa0', 'Qatar Airways', '+97440226000'),
       ('8b40cb95-4554-4081-a24f-913a7a20f127', 'Emirates', '+971600555555'),
       ('652b6ea3-d1e2-49c8-879a-ec5decef1ded', 'Japan Airlines', '+81354603109'),
       ('f0322b1d-8650-44b7-937e-d923d6c17f44', 'Turkish Airlines', '+902124636363'),
       ('2890fbc1-1ea3-4312-a607-5f58095c72b9', 'Air France', '+18605908822'),
       ('ab67b5bd-01c3-4765-b3d0-0dcd80b09d84', 'Korean Air', '+82226567114'),
       ('35957d16-4f28-4a26-8f41-12963d4f7c06', 'Lufthansa', '+4906986799400'),
       ('9e719013-2ed3-4dc2-9d97-57368f275dd4', 'United Airlines', '+18008648331'),
       ('4e1f6086-0cd1-4dbf-9ea5-282db1f01a0d', 'Aeroflot', '+74952235555');

INSERT INTO Routes(id, departure, arrival, carrier_id, trip_time_in_minutes)
VALUES ('c489caf8-c243-4f7e-9299-0e368431d9f3', 'Singapore', 'Dubai', 'a8e0de78-3507-4d12-9609-b63cc32d3ef3', 437),
       ('ddf1d6b9-0fad-4ec7-ba61-a1be9d3bc1e8', 'Munich', 'Paris', 'a8e0de78-3507-4d12-9609-b63cc32d3ef3', 51),
       ('8639b16c-ff39-46e6-a51f-9791237618b4', 'Prague', 'Barcelona', 'a8e0de78-3507-4d12-9609-b63cc32d3ef3', 101),
       ('7515f9eb-ba4a-4b2c-86ed-6a56fb3d5f7d', 'Doha', 'Riyadh', 'f5b79da0-8619-451d-9a78-9112e8477aa0', 36),
       ('ea374620-acd0-4066-b436-fa2fb1bd26ea', 'Chicago', 'London', 'f5b79da0-8619-451d-9a78-9112e8477aa0', 476),
       ('21a1a3e1-4db7-4c41-b41a-8de1561aa65a', 'New York', 'Lisbon', 'f5b79da0-8619-451d-9a78-9112e8477aa0', 406),
       ('050daf20-08fd-4f78-ac2e-af7fcb010bc9', 'Dubai', 'Moscow', '8b40cb95-4554-4081-a24f-913a7a20f127', 276),
       ('89b3b826-7b84-4d3b-909f-c087013f1535', 'Frankfurt', 'Washington', '8b40cb95-4554-4081-a24f-913a7a20f127', 489),
       ('46f02496-3d4e-41d3-95d7-c70908adaea5', 'Madrid', 'Manchester', '8b40cb95-4554-4081-a24f-913a7a20f127', 109),
       ('6159708f-9ceb-4d11-b096-025ee031ab29', 'Tokyo', 'Beijing', '652b6ea3-d1e2-49c8-879a-ec5decef1ded', 157),
       ('98f9e506-a058-4840-8c1a-bdeb07ce90d2', 'Yokohama', 'Hong Kong', '652b6ea3-d1e2-49c8-879a-ec5decef1ded', 205),
       ('70896ef3-d57d-4874-848e-edafac661c02', 'Bangkok', 'Mumbai', '652b6ea3-d1e2-49c8-879a-ec5decef1ded', 225),
       ('66ff29be-b4fd-40b8-928e-ad331d3eb4e0', 'Istanbul', 'Saint-Petersburg', 'f0322b1d-8650-44b7-937e-d923d6c17f44',
        158),
       ('95641a8a-a3b9-4555-8c74-d02d844af470', 'Vienna', 'Oslo', 'f0322b1d-8650-44b7-937e-d923d6c17f44', 101),
       ('4d0796c9-30c8-4c18-816d-de60d266c31c', 'Budapest', 'Bucharest', 'f0322b1d-8650-44b7-937e-d923d6c17f44', 48),
       ('b3a5949d-d7dc-4d50-8edc-413481c2b821', 'Paris', 'Berlin', '2890fbc1-1ea3-4312-a607-5f58095c72b9', 65),
       ('a69194ee-ace5-42ff-b541-87a6e0bc5d70', 'Copenhagen', 'Marseille', '2890fbc1-1ea3-4312-a607-5f58095c72b9', 110),
       ('6b40ccca-1b94-499c-be7b-0c6ecd3615f0', 'Rome', 'Warsaw', '2890fbc1-1ea3-4312-a607-5f58095c72b9', 98),
       ('acf6bdc6-030d-43c7-b8e2-fe330c56aa74', 'Seoul', 'San-Francisco', 'ab67b5bd-01c3-4765-b3d0-0dcd80b09d84', 677),
       ('d0286444-b132-457f-aa15-d4527d9c4911', 'Taiwan', 'Melbourne', 'ab67b5bd-01c3-4765-b3d0-0dcd80b09d84', 547),
       ('5c1d31ee-06b2-4d60-b139-ee13ba55b42f', 'Kuala Lumpur', 'Wellington', 'ab67b5bd-01c3-4765-b3d0-0dcd80b09d84',
        663),
       ('1926d54a-6be2-4c5e-9cca-1dbf87d008e5', 'Berlin', 'Stockholm', '35957d16-4f28-4a26-8f41-12963d4f7c06', 60),
       ('80d2e1c2-6669-4ccb-9316-80bee12e25c2', 'Atlanta', 'Frankfurt', '35957d16-4f28-4a26-8f41-12963d4f7c06', 555),
       ('376be85b-85c5-4626-b2c4-3133cea7978a', 'Dresden', 'Milan', '35957d16-4f28-4a26-8f41-12963d4f7c06', 52),
       ('768ef618-a9a5-4329-b446-8f3959cc05db', 'Washington', 'Los Angeles', '9e719013-2ed3-4dc2-9d97-57368f275dd4',
        276),
       ('bde4a3d2-0a87-42a3-a0fe-83365e0e26e2', 'Philadelphia', 'Dallas', '9e719013-2ed3-4dc2-9d97-57368f275dd4', 156),
       ('c51a3558-87bb-4fc3-a576-bbf33c56d01e', 'Liverpool', 'New York', '9e719013-2ed3-4dc2-9d97-57368f275dd4', 399),
       ('41376fe4-e8b5-4825-ab1e-6d3a357fc79e', 'Moscow', 'Minsk', '4e1f6086-0cd1-4dbf-9ea5-282db1f01a0d', 50),
       ('49a765b0-9d90-49e8-99d5-1ecbdbc8aacf', 'Nizhniy Novgorod', 'Yekaterinburg',
        '4e1f6086-0cd1-4dbf-9ea5-282db1f01a0d', 76),
       ('80fc73fd-88d8-4603-ab08-dff5ab721a93', 'Astana', 'Kazan', '4e1f6086-0cd1-4dbf-9ea5-282db1f01a0d', 116);

INSERT INTO Tickets(route_id, date, seat, price, currency)
VALUES ('c489caf8-c243-4f7e-9299-0e368431d9f3', '2024-04-15 17:45:00', '1A', 45.80, 'USD'),
       ('c489caf8-c243-4f7e-9299-0e368431d9f3', '2024-04-15 17:45:00', '1B', 45.80, 'USD'),
       ('c489caf8-c243-4f7e-9299-0e368431d9f3', '2024-04-15 17:45:00', '1C', 45.80, 'USD'),
       ('c489caf8-c243-4f7e-9299-0e368431d9f3', '2024-04-15 17:45:00', '1D', 45.80, 'USD'),
       ('c489caf8-c243-4f7e-9299-0e368431d9f3', '2024-04-15 17:45:00', '1F', 45.80, 'USD'),

       ('ddf1d6b9-0fad-4ec7-ba61-a1be9d3bc1e8', '2024-05-18 03:23:00', '2A', 71.40, 'USD'),
       ('ddf1d6b9-0fad-4ec7-ba61-a1be9d3bc1e8', '2024-05-18 03:23:00', '2B', 71.40, 'USD'),
       ('ddf1d6b9-0fad-4ec7-ba61-a1be9d3bc1e8', '2024-05-18 03:23:00', '2C', 71.40, 'USD'),
       ('ddf1d6b9-0fad-4ec7-ba61-a1be9d3bc1e8', '2024-05-18 03:23:00', '2D', 71.40, 'USD'),
       ('ddf1d6b9-0fad-4ec7-ba61-a1be9d3bc1e8', '2024-05-18 03:23:00', '2F', 71.40, 'USD'),

       ('8639b16c-ff39-46e6-a51f-9791237618b4', '2024-03-01 15:20:00', '3A', 53.00, 'USD'),
       ('8639b16c-ff39-46e6-a51f-9791237618b4', '2024-03-01 15:20:00', '3B', 53.00, 'USD'),
       ('8639b16c-ff39-46e6-a51f-9791237618b4', '2024-03-01 15:20:00', '3C', 53.00, 'USD'),
       ('8639b16c-ff39-46e6-a51f-9791237618b4', '2024-03-01 15:20:00', '3D', 53.00, 'USD'),
       ('8639b16c-ff39-46e6-a51f-9791237618b4', '2024-03-01 15:20:00', '3F', 53.00, 'USD'),

       ('7515f9eb-ba4a-4b2c-86ed-6a56fb3d5f7d', '2024-03-07 12:00:00', '4A', 29.70, 'USD'),
       ('7515f9eb-ba4a-4b2c-86ed-6a56fb3d5f7d', '2024-03-07 12:00:00', '4B', 29.70, 'USD'),
       ('7515f9eb-ba4a-4b2c-86ed-6a56fb3d5f7d', '2024-03-07 12:00:00', '4C', 29.70, 'USD'),
       ('7515f9eb-ba4a-4b2c-86ed-6a56fb3d5f7d', '2024-03-07 12:00:00', '4D', 29.70, 'USD'),
       ('7515f9eb-ba4a-4b2c-86ed-6a56fb3d5f7d', '2024-03-07 12:00:00', '4F', 29.70, 'USD'),

       ('ea374620-acd0-4066-b436-fa2fb1bd26ea', '2024-04-05 19:05:00', '5A', 103.50, 'USD'),
       ('ea374620-acd0-4066-b436-fa2fb1bd26ea', '2024-04-05 19:05:00', '5B', 103.50, 'USD'),
       ('ea374620-acd0-4066-b436-fa2fb1bd26ea', '2024-04-05 19:05:00', '5C', 103.50, 'USD'),
       ('ea374620-acd0-4066-b436-fa2fb1bd26ea', '2024-04-05 19:05:00', '5D', 103.50, 'USD'),
       ('ea374620-acd0-4066-b436-fa2fb1bd26ea', '2024-04-05 19:05:00', '5F', 103.50, 'USD'),

       ('21a1a3e1-4db7-4c41-b41a-8de1561aa65a', '2024-06-07 11:55:00', '6A', 70.00, 'USD'),
       ('21a1a3e1-4db7-4c41-b41a-8de1561aa65a', '2024-06-07 11:55:00', '6B', 70.00, 'USD'),
       ('21a1a3e1-4db7-4c41-b41a-8de1561aa65a', '2024-06-07 11:55:00', '6C', 70.00, 'USD'),
       ('21a1a3e1-4db7-4c41-b41a-8de1561aa65a', '2024-06-07 11:55:00', '6D', 70.00, 'USD'),
       ('21a1a3e1-4db7-4c41-b41a-8de1561aa65a', '2024-06-07 11:55:00', '6F', 70.00, 'USD'),

       ('050daf20-08fd-4f78-ac2e-af7fcb010bc9', '2024-03-17 06:22:00', '7A', 33.30, 'USD'),
       ('050daf20-08fd-4f78-ac2e-af7fcb010bc9', '2024-03-17 06:22:00', '7B', 33.30, 'USD'),
       ('050daf20-08fd-4f78-ac2e-af7fcb010bc9', '2024-03-17 06:22:00', '7C', 33.30, 'USD'),
       ('050daf20-08fd-4f78-ac2e-af7fcb010bc9', '2024-03-17 06:22:00', '7D', 33.30, 'USD'),
       ('050daf20-08fd-4f78-ac2e-af7fcb010bc9', '2024-03-17 06:22:00', '7F', 33.30, 'USD'),

       ('89b3b826-7b84-4d3b-909f-c087013f1535', '2024-06-01 04:21:00', '8A', 88.80, 'USD'),
       ('89b3b826-7b84-4d3b-909f-c087013f1535', '2024-06-01 04:21:00', '8B', 88.80, 'USD'),
       ('89b3b826-7b84-4d3b-909f-c087013f1535', '2024-06-01 04:21:00', '8C', 88.80, 'USD'),
       ('89b3b826-7b84-4d3b-909f-c087013f1535', '2024-06-01 04:21:00', '8D', 88.80, 'USD'),
       ('89b3b826-7b84-4d3b-909f-c087013f1535', '2024-06-01 04:21:00', '8F', 88.80, 'USD'),

       ('46f02496-3d4e-41d3-95d7-c70908adaea5', '2024-04-18 21:00:00', '9A', 120.30, 'USD'),
       ('46f02496-3d4e-41d3-95d7-c70908adaea5', '2024-04-18 21:00:00', '9B', 120.30, 'USD'),
       ('46f02496-3d4e-41d3-95d7-c70908adaea5', '2024-04-18 21:00:00', '9C', 120.30, 'USD'),
       ('46f02496-3d4e-41d3-95d7-c70908adaea5', '2024-04-18 21:00:00', '9D', 120.30, 'USD'),
       ('46f02496-3d4e-41d3-95d7-c70908adaea5', '2024-04-18 21:00:00', '9F', 120.30, 'USD'),

       ('6159708f-9ceb-4d11-b096-025ee031ab29', '2024-07-15 15:53:00', '10A', 66.60, 'USD'),
       ('6159708f-9ceb-4d11-b096-025ee031ab29', '2024-07-15 15:53:00', '10B', 66.60, 'USD'),
       ('6159708f-9ceb-4d11-b096-025ee031ab29', '2024-07-15 15:53:00', '10C', 66.60, 'USD'),
       ('6159708f-9ceb-4d11-b096-025ee031ab29', '2024-07-15 15:53:00', '10D', 66.60, 'USD'),
       ('6159708f-9ceb-4d11-b096-025ee031ab29', '2024-07-15 15:53:00', '10F', 66.60, 'USD'),

       ('98f9e506-a058-4840-8c1a-bdeb07ce90d2', '2024-05-17 13:11:00', '11A', 99.00, 'USD'),
       ('98f9e506-a058-4840-8c1a-bdeb07ce90d2', '2024-05-17 13:11:00', '11B', 99.00, 'USD'),
       ('98f9e506-a058-4840-8c1a-bdeb07ce90d2', '2024-05-17 13:11:00', '11C', 99.00, 'USD'),
       ('98f9e506-a058-4840-8c1a-bdeb07ce90d2', '2024-05-17 13:11:00', '11D', 99.00, 'USD'),
       ('98f9e506-a058-4840-8c1a-bdeb07ce90d2', '2024-05-17 13:11:00', '11F', 99.00, 'USD'),

       ('70896ef3-d57d-4874-848e-edafac661c02', '2024-03-12 23:59:00', '12A', 55.55, 'USD'),
       ('70896ef3-d57d-4874-848e-edafac661c02', '2024-03-12 23:59:00', '12B', 55.55, 'USD'),
       ('70896ef3-d57d-4874-848e-edafac661c02', '2024-03-12 23:59:00', '12C', 55.55, 'USD'),
       ('70896ef3-d57d-4874-848e-edafac661c02', '2024-03-12 23:59:00', '12D', 55.55, 'USD'),
       ('70896ef3-d57d-4874-848e-edafac661c02', '2024-03-12 23:59:00', '12F', 55.55, 'USD'),

       ('66ff29be-b4fd-40b8-928e-ad331d3eb4e0', '2024-05-06 02:21:00', '13A', 82.00, 'USD'),
       ('66ff29be-b4fd-40b8-928e-ad331d3eb4e0', '2024-05-06 02:21:00', '13B', 82.00, 'USD'),
       ('66ff29be-b4fd-40b8-928e-ad331d3eb4e0', '2024-05-06 02:21:00', '13C', 82.00, 'USD'),
       ('66ff29be-b4fd-40b8-928e-ad331d3eb4e0', '2024-05-06 02:21:00', '13F', 82.00, 'USD'),
       ('66ff29be-b4fd-40b8-928e-ad331d3eb4e0', '2024-05-06 02:21:00', '13D', 82.00, 'USD'),

       ('95641a8a-a3b9-4555-8c74-d02d844af470', '2024-06-06 12:45:00', '14A', 50.99, 'USD'),
       ('95641a8a-a3b9-4555-8c74-d02d844af470', '2024-06-06 12:45:00', '14B', 50.99, 'USD'),
       ('95641a8a-a3b9-4555-8c74-d02d844af470', '2024-06-06 12:45:00', '14C', 50.99, 'USD'),
       ('95641a8a-a3b9-4555-8c74-d02d844af470', '2024-06-06 12:45:00', '14D', 50.99, 'USD'),
       ('95641a8a-a3b9-4555-8c74-d02d844af470', '2024-06-06 12:45:00', '14E', 50.99, 'USD'),

       ('4d0796c9-30c8-4c18-816d-de60d266c31c', '2024-03-26 17:32:00', '15A', 156.00, 'USD'),
       ('4d0796c9-30c8-4c18-816d-de60d266c31c', '2024-03-26 17:32:00', '15B', 156.00, 'USD'),
       ('4d0796c9-30c8-4c18-816d-de60d266c31c', '2024-03-26 17:32:00', '15C', 156.00, 'USD'),
       ('4d0796c9-30c8-4c18-816d-de60d266c31c', '2024-03-26 17:32:00', '15D', 156.00, 'USD'),
       ('4d0796c9-30c8-4c18-816d-de60d266c31c', '2024-03-26 17:32:00', '15F', 156.00, 'USD'),

       ('b3a5949d-d7dc-4d50-8edc-413481c2b821', '2024-04-21 14:53:00', '16A', 111.65, 'USD'),
       ('b3a5949d-d7dc-4d50-8edc-413481c2b821', '2024-04-21 14:53:00', '16B', 111.65, 'USD'),
       ('b3a5949d-d7dc-4d50-8edc-413481c2b821', '2024-04-21 14:53:00', '16C', 111.65, 'USD'),
       ('b3a5949d-d7dc-4d50-8edc-413481c2b821', '2024-04-21 14:53:00', '16D', 111.65, 'USD'),
       ('b3a5949d-d7dc-4d50-8edc-413481c2b821', '2024-04-21 14:53:00', '16F', 111.65, 'USD'),

       ('a69194ee-ace5-42ff-b541-87a6e0bc5d70', '2024-07-30 22:12:00', '17A', 31.50, 'USD'),
       ('a69194ee-ace5-42ff-b541-87a6e0bc5d70', '2024-07-30 22:12:00', '17B', 31.50, 'USD'),
       ('a69194ee-ace5-42ff-b541-87a6e0bc5d70', '2024-07-30 22:12:00', '17C', 31.50, 'USD'),
       ('a69194ee-ace5-42ff-b541-87a6e0bc5d70', '2024-07-30 22:12:00', '17D', 31.50, 'USD'),
       ('a69194ee-ace5-42ff-b541-87a6e0bc5d70', '2024-07-30 22:12:00', '17F', 31.50, 'USD'),

       ('6b40ccca-1b94-499c-be7b-0c6ecd3615f0', '2024-04-01 08:08:00', '18A', 67.58, 'USD'),
       ('6b40ccca-1b94-499c-be7b-0c6ecd3615f0', '2024-04-01 08:08:00', '18B', 67.58, 'USD'),
       ('6b40ccca-1b94-499c-be7b-0c6ecd3615f0', '2024-04-01 08:08:00', '18C', 67.58, 'USD'),
       ('6b40ccca-1b94-499c-be7b-0c6ecd3615f0', '2024-04-01 08:08:00', '18D', 67.58, 'USD'),
       ('6b40ccca-1b94-499c-be7b-0c6ecd3615f0', '2024-04-01 08:08:00', '18F', 67.58, 'USD'),

       ('acf6bdc6-030d-43c7-b8e2-fe330c56aa74', '2024-07-01 09:53:00', '19A', 102.00, 'USD'),
       ('acf6bdc6-030d-43c7-b8e2-fe330c56aa74', '2024-07-01 09:53:00', '19B', 102.00, 'USD'),
       ('acf6bdc6-030d-43c7-b8e2-fe330c56aa74', '2024-07-01 09:53:00', '19C', 102.00, 'USD'),
       ('acf6bdc6-030d-43c7-b8e2-fe330c56aa74', '2024-07-01 09:53:00', '19D', 102.00, 'USD'),
       ('acf6bdc6-030d-43c7-b8e2-fe330c56aa74', '2024-07-01 09:53:00', '19F', 102.00, 'USD'),

       ('d0286444-b132-457f-aa15-d4527d9c4911', '2024-04-24 16:50:00', '20A', 205.00, 'USD'),
       ('d0286444-b132-457f-aa15-d4527d9c4911', '2024-04-24 16:50:00', '20B', 205.00, 'USD'),
       ('d0286444-b132-457f-aa15-d4527d9c4911', '2024-04-24 16:50:00', '20C', 205.00, 'USD'),
       ('d0286444-b132-457f-aa15-d4527d9c4911', '2024-04-24 16:50:00', '20D', 205.00, 'USD'),
       ('d0286444-b132-457f-aa15-d4527d9c4911', '2024-04-24 16:50:00', '20F', 205.00, 'USD'),

       ('5c1d31ee-06b2-4d60-b139-ee13ba55b42f', '2024-03-13 13:25:00', '21A', 155.99, 'USD'),
       ('5c1d31ee-06b2-4d60-b139-ee13ba55b42f', '2024-03-13 13:25:00', '21B', 155.99, 'USD'),
       ('5c1d31ee-06b2-4d60-b139-ee13ba55b42f', '2024-03-13 13:25:00', '21C', 155.99, 'USD'),
       ('5c1d31ee-06b2-4d60-b139-ee13ba55b42f', '2024-03-13 13:25:00', '21D', 155.99, 'USD'),
       ('5c1d31ee-06b2-4d60-b139-ee13ba55b42f', '2024-03-13 13:25:00', '21F', 155.99, 'USD'),

       ('1926d54a-6be2-4c5e-9cca-1dbf87d008e5', '2024-05-27 20:16:00', '22A', 47.50, 'USD'),
       ('1926d54a-6be2-4c5e-9cca-1dbf87d008e5', '2024-05-27 20:16:00', '22B', 47.50, 'USD'),
       ('1926d54a-6be2-4c5e-9cca-1dbf87d008e5', '2024-05-27 20:16:00', '22C', 47.50, 'USD'),
       ('1926d54a-6be2-4c5e-9cca-1dbf87d008e5', '2024-05-27 20:16:00', '22D', 47.50, 'USD'),
       ('1926d54a-6be2-4c5e-9cca-1dbf87d008e5', '2024-05-27 20:16:00', '22F', 47.50, 'USD'),

       ('80d2e1c2-6669-4ccb-9316-80bee12e25c2', '2024-06-30 15:35:00', '23A', 87.30, 'USD'),
       ('80d2e1c2-6669-4ccb-9316-80bee12e25c2', '2024-06-30 15:35:00', '23B', 87.30, 'USD'),
       ('80d2e1c2-6669-4ccb-9316-80bee12e25c2', '2024-06-30 15:35:00', '23C', 87.30, 'USD'),
       ('80d2e1c2-6669-4ccb-9316-80bee12e25c2', '2024-06-30 15:35:00', '23D', 87.30, 'USD'),
       ('80d2e1c2-6669-4ccb-9316-80bee12e25c2', '2024-06-30 15:35:00', '23F', 87.30, 'USD'),

       ('376be85b-85c5-4626-b2c4-3133cea7978a', '2024-04-23 05:54:00', '24A', 40.00, 'USD'),
       ('376be85b-85c5-4626-b2c4-3133cea7978a', '2024-04-23 05:54:00', '24B', 40.00, 'USD'),
       ('376be85b-85c5-4626-b2c4-3133cea7978a', '2024-04-23 05:54:00', '24C', 40.00, 'USD'),
       ('376be85b-85c5-4626-b2c4-3133cea7978a', '2024-04-23 05:54:00', '24D', 40.00, 'USD'),
       ('376be85b-85c5-4626-b2c4-3133cea7978a', '2024-04-23 05:54:00', '24F', 40.00, 'USD'),

       ('768ef618-a9a5-4329-b446-8f3959cc05db', '2024-05-03 00:05:00', '25A', 158.80, 'USD'),
       ('768ef618-a9a5-4329-b446-8f3959cc05db', '2024-05-03 00:05:00', '25B', 158.80, 'USD'),
       ('768ef618-a9a5-4329-b446-8f3959cc05db', '2024-05-03 00:05:00', '25C', 158.80, 'USD'),
       ('768ef618-a9a5-4329-b446-8f3959cc05db', '2024-05-03 00:05:00', '25D', 158.80, 'USD'),
       ('768ef618-a9a5-4329-b446-8f3959cc05db', '2024-05-03 00:05:00', '25F', 158.80, 'USD'),

       ('bde4a3d2-0a87-42a3-a0fe-83365e0e26e2', '2024-03-03 04:25:00', '26A', 61.10, 'USD'),
       ('bde4a3d2-0a87-42a3-a0fe-83365e0e26e2', '2024-03-03 04:25:00', '26B', 61.10, 'USD'),
       ('bde4a3d2-0a87-42a3-a0fe-83365e0e26e2', '2024-03-03 04:25:00', '26C', 61.10, 'USD'),
       ('bde4a3d2-0a87-42a3-a0fe-83365e0e26e2', '2024-03-03 04:25:00', '26D', 61.10, 'USD'),
       ('bde4a3d2-0a87-42a3-a0fe-83365e0e26e2', '2024-03-03 04:25:00', '26F', 61.10, 'USD'),

       ('c51a3558-87bb-4fc3-a576-bbf33c56d01e', '2024-05-04 18:58:00', '27A', 222.50, 'USD'),
       ('c51a3558-87bb-4fc3-a576-bbf33c56d01e', '2024-05-04 18:58:00', '27B', 222.50, 'USD'),
       ('c51a3558-87bb-4fc3-a576-bbf33c56d01e', '2024-05-04 18:58:00', '27C', 222.50, 'USD'),
       ('c51a3558-87bb-4fc3-a576-bbf33c56d01e', '2024-05-04 18:58:00', '27D', 222.50, 'USD'),
       ('c51a3558-87bb-4fc3-a576-bbf33c56d01e', '2024-05-04 18:58:00', '27F', 222.50, 'USD'),

       ('49a765b0-9d90-49e8-99d5-1ecbdbc8aacf', '2024-07-02 22:12:00', '28A', 7800.00, 'RUB'),
       ('49a765b0-9d90-49e8-99d5-1ecbdbc8aacf', '2024-07-02 22:12:00', '28B', 7800.00, 'RUB'),
       ('49a765b0-9d90-49e8-99d5-1ecbdbc8aacf', '2024-07-02 22:12:00', '28C', 7800.00, 'RUB'),
       ('49a765b0-9d90-49e8-99d5-1ecbdbc8aacf', '2024-07-02 22:12:00', '28D', 7800.00, 'RUB'),
       ('49a765b0-9d90-49e8-99d5-1ecbdbc8aacf', '2024-07-02 22:12:00', '28F', 7800.00, 'RUB'),

       ('41376fe4-e8b5-4825-ab1e-6d3a357fc79e', '2024-04-29 03:35:00', '29A', 3600.00, 'RUB'),
       ('41376fe4-e8b5-4825-ab1e-6d3a357fc79e', '2024-04-29 03:35:00', '29B', 3600.00, 'RUB'),
       ('41376fe4-e8b5-4825-ab1e-6d3a357fc79e', '2024-04-29 03:35:00', '29C', 3600.00, 'RUB'),
       ('41376fe4-e8b5-4825-ab1e-6d3a357fc79e', '2024-04-29 03:35:00', '29D', 3600.00, 'RUB'),
       ('41376fe4-e8b5-4825-ab1e-6d3a357fc79e', '2024-04-29 03:35:00', '29F', 3600.00, 'RUB'),

       ('80fc73fd-88d8-4603-ab08-dff5ab721a93', '2024-06-17 08:56:00', '30A', 5600.00, 'RUB'),
       ('80fc73fd-88d8-4603-ab08-dff5ab721a93', '2024-06-17 08:56:00', '30B', 5600.00, 'RUB'),
       ('80fc73fd-88d8-4603-ab08-dff5ab721a93', '2024-06-17 08:56:00', '30C', 5600.00, 'RUB'),
       ('80fc73fd-88d8-4603-ab08-dff5ab721a93', '2024-06-17 08:56:00', '30D', 5600.00, 'RUB'),
       ('80fc73fd-88d8-4603-ab08-dff5ab721a93', '2024-06-17 08:56:00', '30F', 5600.00, 'RUB');